Id,class_0,class_1
00eed32682bb,0.49999999822565483,0.5000000017743451
010ebe33f668,0.49999999822565483,0.5000000017743451
02fa521e1838,0.49999999822565483,0.5000000017743451
040e15f562a2,0.49999999822565483,0.5000000017743451
046e85c7cc7f,0.49999999822565483,0.5000000017743451
