Id,class_0,class_1
00eed32682bb,0.6963164494518423,0.30368355054815765
010ebe33f668,0.6963164494518423,0.30368355054815765
02fa521e1838,0.6963164494518423,0.30368355054815765
040e15f562a2,0.6963164494518423,0.30368355054815765
046e85c7cc7f,0.6963164494518423,0.30368355054815765
