iter	Logloss
0	0.6839394663
200	0.1429233458
400	0.06608499733
600	0.03645341303
800	0.02195749096
999	0.01394537033
